<?xml version="1.0" encoding="UTF-8"?>
<!--
 This is a WordPress eXtended RSS file generated by WordPress as an export of your site.
 It contains information about your site's posts, pages, comments, categories, and other content.
 You may use this file to transfer that content from one site to another.
 This file is not intended to serve as a complete backup of your site.

 To import this information into a WordPress site follow these steps:
 1. Log in to that site as an administrator.
 2. Go to Tools: Import in the WordPress admin panel.
 3. Install the "WordPress" importer from the list.
 4. Activate & Run Importer.
 5. Upload this file using the form provided on that page.
 6. You will first be asked to map the authors in this export file to users
    on the site. For each author, you may choose to map to an
    existing user on the site or to create a new user.
 7. WordPress will then import each of the posts, pages, comments, categories, etc.
    contained in this file into your site.
-->
<!-- generator="WordPress.com" created="2022-04-04 18:05"-->
<rss version="2.0" xmlns:excerpt="http://wordpress.org/export/1.2/excerpt/" xmlns:content="http://purl.org/rss/1.0/modules/content/" xmlns:wfw="http://wellformedweb.org/CommentAPI/" xmlns:dc="http://purl.org/dc/elements/1.1/" xmlns:wp="http://wordpress.org/export/1.2/">
  <channel>
<title>Espacio Creativo Sann</title>
<link>https://espaciocreativosann614427107.wordpress.com</link>
<description>Un lugar para tu creatividad</description>
<pubDate>Mon, 04 Apr 2022 18:05:03 +0000</pubDate>
<language>es</language>
<wp:wxr_version>1.2</wp:wxr_version>
<wp:base_site_url>http://wordpress.com/</wp:base_site_url>
<wp:base_blog_url>https://espaciocreativosann614427107.wordpress.com</wp:base_blog_url>
<wp:author>
  <wp:author_id>169991060</wp:author_id>
  <wp:author_login>portafoliosandy</wp:author_login>
  <wp:author_email>sandy_nbg@hotmail.es</wp:author_email>
  <wp:author_display_name><![CDATA[portafoliosandy]]></wp:author_display_name>
  <wp:author_first_name><![CDATA[Sann]]></wp:author_first_name>
  <wp:author_last_name><![CDATA[BG]]></wp:author_last_name>
</wp:author>
<wp:category>
  <wp:term_id>1771</wp:term_id>
  <wp:category_nicename>sin-categoria</wp:category_nicename>
  <wp:category_parent/>
  <wp:cat_name><![CDATA[Sin categoría]]></wp:cat_name>
</wp:category>
<wp:term>
  <wp:term_id>121841</wp:term_id>
  <wp:term_taxonomy>nav_menu</wp:term_taxonomy>
  <wp:term_slug>principal</wp:term_slug>
  <wp:term_name><![CDATA[Principal]]></wp:term_name>
</wp:term>
<generator>http://wordpress.com/</generator>
<image>
		<url>http://s0.wp.com/i/buttonw-com.png</url>
		<title>Espacio Creativo Sann</title>
		<link>https://espaciocreativosann614427107.wordpress.com</link>
	</image>
	<item>
  <title><![CDATA[Inicio]]></title>
  <link>https://espaciocreativosann614427107.wordpress.com/</link>
  <pubDate>Mon, 04 Apr 2022 16:36:36 +0000</pubDate>
  <dc:creator>portafoliosandy</dc:creator>
  <guid isPermaLink="false">https://espaciocreativosann614427107.wordpress.com/home/</guid>
  <description/>
  <content:encoded><![CDATA[<!-- wp:query {"queryId":8,"query":{"perPage":"10","pages":0,"offset":0,"postType":"post","categoryIds":[],"tagIds":[],"order":"desc","orderBy":"date","author":"","search":"","exclude":[],"sticky":"","inherit":false}} -->
<div class="wp-block-query"><!-- wp:post-template -->
<!-- wp:post-title {"isLink":true,"style":{"typography":{"fontSize":"64px","lineHeight":"1.2"}}} /-->

<!-- wp:post-featured-image {"isLink":true,"align":"wide"} /-->

<!-- wp:post-content /-->

<!-- wp:group {"layout":{"type":"flex"}} -->
<div class="wp-block-group"><!-- wp:post-date {"isLink":true,"style":{"typography":{"fontSize":"16px"}}} /-->

<!-- wp:post-terms {"term":"category","style":{"typography":{"fontSize":"16px"}}} /-->

<!-- wp:post-terms {"term":"post_tag","style":{"typography":{"fontSize":"16px"}}} /--></div>
<!-- /wp:group -->

<!-- wp:spacer {"height":120} -->
<div style="height:120px;" aria-hidden="true" class="wp-block-spacer"></div>
<!-- /wp:spacer -->
<!-- /wp:post-template -->

<!-- wp:query-pagination -->
<div class="wp-block-query-pagination"><!-- wp:query-pagination-previous /-->

<!-- wp:query-pagination-next /--></div>
<!-- /wp:query-pagination --></div>
<!-- /wp:query -->]]></content:encoded>
  <excerpt:encoded><![CDATA[]]></excerpt:encoded>
  <wp:post_id>2</wp:post_id>
  <wp:post_date>2022-04-04 16:36:36</wp:post_date>
  <wp:post_date_gmt>2022-04-04 16:36:36</wp:post_date_gmt>
  <wp:post_modified>2022-04-04 16:36:36</wp:post_modified>
  <wp:post_modified_gmt>2022-04-04 16:36:36</wp:post_modified_gmt>
  <wp:comment_status>closed</wp:comment_status>
  <wp:ping_status>closed</wp:ping_status>
  <wp:post_name>home</wp:post_name>
  <wp:status>publish</wp:status>
  <wp:post_parent>0</wp:post_parent>
  <wp:menu_order>0</wp:menu_order>
  <wp:post_type>page</wp:post_type>
  <wp:post_password/>
  <wp:is_sticky>0</wp:is_sticky>
  <wp:postmeta>
    <wp:meta_key>_headstart_post</wp:meta_key>
    <wp:meta_value><![CDATA[_hs_front_page]]></wp:meta_value>
  </wp:postmeta>
  <wp:postmeta>
    <wp:meta_key>sharing_disabled</wp:meta_key>
    <wp:meta_value><![CDATA[a:1:{i:0;N;}]]></wp:meta_value>
  </wp:postmeta>
  <wp:postmeta>
    <wp:meta_key>switch_like_status</wp:meta_key>
    <wp:meta_value><![CDATA[a:1:{i:0;N;}]]></wp:meta_value>
  </wp:postmeta>
  <wp:postmeta>
    <wp:meta_key>_starter_page_template</wp:meta_key>
    <wp:meta_value><![CDATA[blank]]></wp:meta_value>
  </wp:postmeta>
  <wp:postmeta>
    <wp:meta_key>_wpas_skip_all_services</wp:meta_key>
    <wp:meta_value><![CDATA[1]]></wp:meta_value>
  </wp:postmeta>
  <wp:postmeta>
    <wp:meta_key>_wp_page_template</wp:meta_key>
    <wp:meta_value><![CDATA[header-footer-only]]></wp:meta_value>
  </wp:postmeta>
  <wp:postmeta>
    <wp:meta_key>_publicize_pending</wp:meta_key>
    <wp:meta_value><![CDATA[1]]></wp:meta_value>
  </wp:postmeta>
  <wp:postmeta>
    <wp:meta_key>_checklist_post_type</wp:meta_key>
    <wp:meta_value><![CDATA[_hs_front_page]]></wp:meta_value>
  </wp:postmeta>
  <wp:postmeta>
    <wp:meta_key>_last_editor_used_jetpack</wp:meta_key>
    <wp:meta_value><![CDATA[block-editor]]></wp:meta_value>
  </wp:postmeta>
</item>
<item>
  <title><![CDATA[¡Hola mundo!]]></title>
  <link>https://espaciocreativosann614427107.wordpress.com/2022/04/04/hello-world/</link>
  <pubDate>Mon, 04 Apr 2022 16:36:35 +0000</pubDate>
  <dc:creator>portafoliosandy</dc:creator>
  <guid isPermaLink="false">https://espaciocreativosann614427107.wordpress.com/2022/04/04/hello-world/</guid>
  <description/>
  <content:encoded><![CDATA[<!-- wp:paragraph --> <p>Bienvenido a WordPress Esta es tu primera entrada. Edítala o elimínala para dar el primer paso en el periplo de tu blog.</p> <!-- /wp:paragraph -->]]></content:encoded>
  <excerpt:encoded><![CDATA[]]></excerpt:encoded>
  <wp:post_id>3</wp:post_id>
  <wp:post_date>2022-04-04 16:36:35</wp:post_date>
  <wp:post_date_gmt>2022-04-04 16:36:35</wp:post_date_gmt>
  <wp:post_modified>2022-04-04 16:36:35</wp:post_modified>
  <wp:post_modified_gmt>2022-04-04 16:36:35</wp:post_modified_gmt>
  <wp:comment_status>open</wp:comment_status>
  <wp:ping_status>open</wp:ping_status>
  <wp:post_name>hello-world</wp:post_name>
  <wp:status>publish</wp:status>
  <wp:post_parent>0</wp:post_parent>
  <wp:menu_order>0</wp:menu_order>
  <wp:post_type>post</wp:post_type>
  <wp:post_password/>
  <wp:is_sticky>0</wp:is_sticky>
  <category domain="category" nicename="sin-categoria"><![CDATA[Sin categoría]]></category>
  <wp:postmeta>
    <wp:meta_key>_headstart_post</wp:meta_key>
    <wp:meta_value><![CDATA[_hs_extra]]></wp:meta_value>
  </wp:postmeta>
  <wp:postmeta>
    <wp:meta_key>sharing_disabled</wp:meta_key>
    <wp:meta_value><![CDATA[a:1:{i:0;N;}]]></wp:meta_value>
  </wp:postmeta>
  <wp:postmeta>
    <wp:meta_key>switch_like_status</wp:meta_key>
    <wp:meta_value><![CDATA[a:1:{i:0;N;}]]></wp:meta_value>
  </wp:postmeta>
  <wp:postmeta>
    <wp:meta_key>_starter_page_template</wp:meta_key>
    <wp:meta_value><![CDATA[]]></wp:meta_value>
  </wp:postmeta>
  <wp:postmeta>
    <wp:meta_key>_wpas_skip_all_services</wp:meta_key>
    <wp:meta_value><![CDATA[1]]></wp:meta_value>
  </wp:postmeta>
  <wp:postmeta>
    <wp:meta_key>_publicize_pending</wp:meta_key>
    <wp:meta_value><![CDATA[1]]></wp:meta_value>
  </wp:postmeta>
</item>
<item>
  <title><![CDATA[]]></title>
  <link>https://espaciocreativosann614427107.wordpress.com/2022/04/04/4/</link>
  <pubDate>Mon, 04 Apr 2022 16:41:36 +0000</pubDate>
  <dc:creator>portafoliosandy</dc:creator>
  <guid isPermaLink="false">https://espaciocreativosann614427107.wordpress.com/2022/04/04/4/</guid>
  <description/>
  <content:encoded><![CDATA[ ]]></content:encoded>
  <excerpt:encoded><![CDATA[]]></excerpt:encoded>
  <wp:post_id>4</wp:post_id>
  <wp:post_date>2022-04-04 16:41:37</wp:post_date>
  <wp:post_date_gmt>2022-04-04 16:41:36</wp:post_date_gmt>
  <wp:post_modified>2022-04-04 16:41:37</wp:post_modified>
  <wp:post_modified_gmt>2022-04-04 16:41:37</wp:post_modified_gmt>
  <wp:comment_status>closed</wp:comment_status>
  <wp:ping_status>closed</wp:ping_status>
  <wp:post_name>4</wp:post_name>
  <wp:status>publish</wp:status>
  <wp:post_parent>0</wp:post_parent>
  <wp:menu_order>1</wp:menu_order>
  <wp:post_type>nav_menu_item</wp:post_type>
  <wp:post_password/>
  <wp:is_sticky>0</wp:is_sticky>
  <category domain="nav_menu" nicename="principal"><![CDATA[Principal]]></category>
  <wp:postmeta>
    <wp:meta_key>_publicize_pending</wp:meta_key>
    <wp:meta_value><![CDATA[1]]></wp:meta_value>
  </wp:postmeta>
  <wp:postmeta>
    <wp:meta_key>_menu_item_type</wp:meta_key>
    <wp:meta_value><![CDATA[post_type]]></wp:meta_value>
  </wp:postmeta>
  <wp:postmeta>
    <wp:meta_key>_menu_item_menu_item_parent</wp:meta_key>
    <wp:meta_value><![CDATA[0]]></wp:meta_value>
  </wp:postmeta>
  <wp:postmeta>
    <wp:meta_key>_menu_item_object_id</wp:meta_key>
    <wp:meta_value><![CDATA[2]]></wp:meta_value>
  </wp:postmeta>
  <wp:postmeta>
    <wp:meta_key>_menu_item_object</wp:meta_key>
    <wp:meta_value><![CDATA[page]]></wp:meta_value>
  </wp:postmeta>
  <wp:postmeta>
    <wp:meta_key>_menu_item_target</wp:meta_key>
    <wp:meta_value><![CDATA[]]></wp:meta_value>
  </wp:postmeta>
  <wp:postmeta>
    <wp:meta_key>_menu_item_classes</wp:meta_key>
    <wp:meta_value><![CDATA[a:1:{i:0;s:0:"";}]]></wp:meta_value>
  </wp:postmeta>
  <wp:postmeta>
    <wp:meta_key>_menu_item_xfn</wp:meta_key>
    <wp:meta_value><![CDATA[]]></wp:meta_value>
  </wp:postmeta>
  <wp:postmeta>
    <wp:meta_key>_menu_item_url</wp:meta_key>
    <wp:meta_value><![CDATA[]]></wp:meta_value>
  </wp:postmeta>
  <wp:postmeta>
    <wp:meta_key>_menu_item_content</wp:meta_key>
    <wp:meta_value><![CDATA[]]></wp:meta_value>
  </wp:postmeta>
</item>
<item>
  <title><![CDATA[Recorte perfecto y la creación de fotomontaje en Photoshop]]></title>
  <link>https://espaciocreativosann614427107.wordpress.com/2022/04/04/recorte-perfecto-y-la-creacion-de-fotomontaje-en-photoshop/</link>
  <pubDate>Mon, 04 Apr 2022 17:54:35 +0000</pubDate>
  <dc:creator>portafoliosandy</dc:creator>
  <guid isPermaLink="false">https://espaciocreativosann614427107.wordpress.com/?p=5</guid>
  <description/>
  <content:encoded><![CDATA[<!-- wp:paragraph {"style":{"color":{"text":"#5a1886"}}} -->
<p class="has-text-color" style="color:#5a1886;">Hola, mi nombre es Sandy y el día de hoy te mostraré las diferentes formas en cómo puedes realizar un recorte perfecto en Photoshop. Al finalizar, realizaremos juntos un fotomontaje aplicando lo aprendido y haciendo uso de otras herramientas como texturas y máscaras de capas.</p>
<!-- /wp:paragraph -->

<!-- wp:paragraph {"style":{"color":{"text":"#5a1886"}}} -->
<p class="has-text-color" style="color:#5a1886;"></p>
<!-- /wp:paragraph -->

<!-- wp:paragraph {"style":{"color":{"text":"#5a1886"}}} -->
<p class="has-text-color" style="color:#5a1886;">Pero antes, Antes de empezar a trabajar en el programa, es muy importante saber dónde encontrar cada cosa y cómo es su funcionamiento, así que te dejo una imagen con la interfaz del programa Photoshop.</p>
<!-- /wp:paragraph -->

<!-- wp:image {"id":11,"sizeSlug":"large","linkDestination":"none"} -->
<figure class="wp-block-image size-large"><img src="https://espaciocreativosann614427107.files.wordpress.com/2022/04/basicos-photoshop_regiones-exteriores-734x551-1.jpg?w=734" alt="" class="wp-image-11" /></figure>
<!-- /wp:image -->

<!-- wp:paragraph {"style":{"color":{"text":"#6f1e8d"}},"fontSize":"medium"} -->
<p class="has-text-color has-medium-font-size" style="color:#6f1e8d;"><strong>¡Ahora si, comencemos!</strong></p>
<!-- /wp:paragraph -->

<!-- wp:paragraph {"style":{"color":{"text":"#6f1e8d"}}} -->
<p class="has-text-color" style="color:#6f1e8d;">Existen diferentes formas de eliminar el fondo de una imagen, la técnica y herramienta utilizada dependerá de la imagen a la que queremos extraer el recorte. así, por ejemplo, si tenemos un objeto sobre un fondo blanco, la “Herramienta de selección rápida” es el instrumento ideal. Es tan rápida esta técnica que en menos de 10 segundos tendrás listo el recorte de manera perfecta.</p>
<!-- /wp:paragraph -->

<!-- wp:paragraph {"style":{"color":{"text":"#6f1e8d"}}} -->
<p class="has-text-color" style="color:#6f1e8d;">Te muestro como:</p>
<!-- /wp:paragraph -->

<!-- wp:paragraph {"style":{"color":{"text":"#6f1e8d"}},"fontSize":"large"} -->
<p class="has-text-color has-large-font-size" style="color:#6f1e8d;"><strong>Recorte con “Herramienta de selección automática”</strong></p>
<!-- /wp:paragraph -->

<!-- wp:paragraph {"style":{"color":{"text":"#6f1e8d"}}} -->
<p class="has-text-color" style="color:#6f1e8d;">Una vez que te encuentres dentro el programa Photoshop, coloca la imagen con fondo blanco a la que quieres extraer el objeto.</p>
<!-- /wp:paragraph -->

<!-- wp:paragraph {"style":{"color":{"text":"#6f1e8d"}}} -->
<p class="has-text-color" style="color:#6f1e8d;">Las herramientas de selección se encuentran del lado izquierdo. Con la tecla «Option» (o botón derecho) puedes hacer el cambio de herramienta en cada bloque. Y con la tecla «Control» se despliegan todas las opciones.</p>
<!-- /wp:paragraph -->

<!-- wp:image {"id":13,"sizeSlug":"large","linkDestination":"none"} -->
<figure class="wp-block-image size-large"><img src="https://espaciocreativosann614427107.files.wordpress.com/2022/04/interface.png?w=1024" alt="" class="wp-image-13" /></figure>
<!-- /wp:image -->

<!-- wp:paragraph {"style":{"color":{"text":"#6a1c9d"}}} -->
<p class="has-text-color" style="color:#6a1c9d;">Ahora selecciona la “Herramienta varita mágica” (tecla W) y da clic sobre el fondo.</p>
<!-- /wp:paragraph -->

<!-- wp:paragraph {"style":{"color":{"text":"#6a1c9d"}}} -->
<p class="has-text-color" style="color:#6a1c9d;">Haz clic en el menú desplegable «Seleccionar» del menú superior y, a continuación, en «Invertir».  De esta manera quedará seleccionado sólo el objeto.</p>
<!-- /wp:paragraph -->

<!-- wp:image {"id":15,"sizeSlug":"large","linkDestination":"none"} -->
<figure class="wp-block-image size-large"><img src="https://espaciocreativosann614427107.files.wordpress.com/2022/04/image.png?w=1024" alt="" class="wp-image-15" /></figure>
<!-- /wp:image -->

<!-- wp:paragraph {"style":{"color":{"text":"#62159d"}}} -->
<p class="has-text-color" style="color:#62159d;">Finalmente crea una copia del objeto con CTRL + J para eliminar el fondo.</p>
<!-- /wp:paragraph -->

<!-- wp:paragraph {"style":{"color":{"text":"#62159d"}}} -->
<p class="has-text-color" style="color:#62159d;">¡Y listo, rápido y exacto! Sólo recuerda que tendrás que guardar tu archivo como png para que se respete la transparencia de tu fondo.</p>
<!-- /wp:paragraph -->

<!-- wp:embed {"url":"https://www.youtube.com/watch?v=kB-eE8GEtAA","type":"video","providerNameSlug":"youtube","responsive":true,"className":"wp-embed-aspect-16-9 wp-has-aspect-ratio"} -->
<figure class="wp-block-embed is-type-video is-provider-youtube wp-block-embed-youtube wp-embed-aspect-16-9 wp-has-aspect-ratio"><div class="wp-block-embed__wrapper">
https://www.youtube.com/watch?v=kB-eE8GEtAA
</div></figure>
<!-- /wp:embed -->

<!-- wp:paragraph {"style":{"color":{"text":"#580c9a"}}} -->
<p class="has-text-color" style="color:#580c9a;">Bueno, esa opción es bastante sencilla, pero ¿Qué pasa si queremos extraer una imagen que tienen un fondo más complejo?</p>
<!-- /wp:paragraph -->

<!-- wp:paragraph {"style":{"color":{"text":"#580c9a"}}} -->
<p class="has-text-color" style="color:#580c9a;">Bueno, te presento una opción en la que tendrás el total control del recorte. Esta técnica es algo lenta, pero con paciencia se pueden obtener resultados muy precisos. Estoy hablando de la “Herramienta de pluma”</p>
<!-- /wp:paragraph -->

<!-- wp:paragraph {"style":{"color":{"text":"#580c9a"}},"fontSize":"large"} -->
<p class="has-text-color has-large-font-size" style="color:#580c9a;"><strong>Recorte con “Herramienta de pluma”</strong></p>
<!-- /wp:paragraph -->

<!-- wp:paragraph {"style":{"color":{"text":"#580c9a"}}} -->
<p class="has-text-color" style="color:#580c9a;">Lo primero que vamos a hacer, es abrir la imagen que queremos tratar en nuestro lienzo de Photoshop y a continuación seleccionamos la herramienta de la pluma. Una vez hecho esto, ya estamos preparados para comenzar a siluetear la imagen que queremos recortar. Para ello, vamos haciendo clic con la herramienta de pluma por todo el contorno de la imagen. Para hacer curvas solo es necesario mantener pulsado el botón derecho del ratón y arrastrar en cualquier dirección.</p>
<!-- /wp:paragraph -->

<!-- wp:image {"id":19,"sizeSlug":"large","linkDestination":"none"} -->
<figure class="wp-block-image size-large"><img src="https://espaciocreativosann614427107.files.wordpress.com/2022/04/captur2a.jpg?w=1024" alt="" class="wp-image-19" /></figure>
<!-- /wp:image -->

<!-- wp:paragraph {"style":{"color":{"text":"#760e8a"}}} -->
<p class="has-text-color" style="color:#760e8a;">Cuanto más cerca estén unos cuadrados de otros, con mayor exactitud haremos el recorte. Una vez terminado, lo siguiente que vamos a hacer es pulsar con el botón derecho del ratón sobre el trazado y elegimos la opción “Hacer selección”.</p>
<!-- /wp:paragraph -->

<!-- wp:image {"id":18,"sizeSlug":"large","linkDestination":"none"} -->
<figure class="wp-block-image size-large"><img src="https://espaciocreativosann614427107.files.wordpress.com/2022/04/1.jpg?w=1024" alt="" class="wp-image-18" /></figure>
<!-- /wp:image -->

<!-- wp:paragraph {"style":{"color":{"text":"#581798"}}} -->
<p class="has-text-color" style="color:#581798;">Ahora, con la selección del recorte activa, sólo nos queda pulsar Ctrl+J para crear una capa nueva con la selección del recorte realizado y ya tendremos la imagen seleccionada con fondo transparente lista para poder utilizarla en otra imagen y realizar cualquier montaje.</p>
<!-- /wp:paragraph -->

<!-- wp:image {"id":22,"sizeSlug":"large","linkDestination":"none"} -->
<figure class="wp-block-image size-large"><img src="https://espaciocreativosann614427107.files.wordpress.com/2022/04/4.jpg?w=713" alt="" class="wp-image-22" /></figure>
<!-- /wp:image -->

<!-- wp:image {"id":25,"sizeSlug":"large","linkDestination":"none"} -->
<figure class="wp-block-image size-large"><img src="https://espaciocreativosann614427107.files.wordpress.com/2022/04/super-woman-1885016_1920.jpg?w=1024" alt="" class="wp-image-25" /></figure>
<!-- /wp:image -->

<!-- wp:paragraph {"style":{"color":{"text":"#7826a1"}}} -->
<p class="has-text-color" style="color:#7826a1;">Aquí te muestro como hacerlo:</p>
<!-- /wp:paragraph -->

<!-- wp:embed {"url":"https://youtu.be/Au2xCjJZtpQ","type":"video","providerNameSlug":"youtube","responsive":true,"className":"wp-embed-aspect-16-9 wp-has-aspect-ratio"} -->
<figure class="wp-block-embed is-type-video is-provider-youtube wp-block-embed-youtube wp-embed-aspect-16-9 wp-has-aspect-ratio"><div class="wp-block-embed__wrapper">
https://youtu.be/Au2xCjJZtpQ
</div></figure>
<!-- /wp:embed -->

<!-- wp:paragraph {"style":{"color":{"text":"#581898"}}} -->
<p class="has-text-color" style="color:#581898;">Ahora que te he mostrado como hacer un recorte perfecto, vamos a elaborar juntos un fotomontaje, puedes elegir la técnica que prefieras o puedes seguir la técnica que yo utilizaré, es un método muy efectivo para casos en los que el objeto no es tan plano y que es necesario hacer recortes mucho más precisos.</p>
<!-- /wp:paragraph -->

<!-- wp:paragraph {"style":{"color":{"text":"#78219e"}},"fontSize":"large"} -->
<p class="has-text-color has-large-font-size" style="color:#78219e;"><strong>Práctica-Fotomontaje</strong></p>
<!-- /wp:paragraph -->

<!-- wp:paragraph {"style":{"color":{"text":"#3f24b6"}}} -->
<p class="has-text-color" style="color:#3f24b6;">Así que vamos a la práctica, crearemos un cartel sobre la concientización del medio ambiente. ¡Comencemos!</p>
<!-- /wp:paragraph -->

<!-- wp:paragraph {"style":{"color":{"text":"#3f24b6"}}} -->
<p class="has-text-color" style="color:#3f24b6;">Aquí puedes encontrar las imágenes que utilizaremos, no olvides descargarlas:</p>
<!-- /wp:paragraph -->

<!-- wp:paragraph {"style":{"color":{"text":"#3f24b6"}}} -->
<p class="has-text-color" style="color:#3f24b6;"><a href="https://ibb.co/K9dQ7yn">Imagen 1</a>  |  <a href="https://ibb.co/9TYkncg">Imagen 2</a> | <a href="https://ibb.co/KzLg6yY">Imagen 3</a></p>
<!-- /wp:paragraph -->

<!-- wp:embed {"url":"https://youtu.be/z5yZgzqv2XM","type":"video","providerNameSlug":"youtube","responsive":true,"className":"wp-embed-aspect-16-9 wp-has-aspect-ratio"} -->
<figure class="wp-block-embed is-type-video is-provider-youtube wp-block-embed-youtube wp-embed-aspect-16-9 wp-has-aspect-ratio"><div class="wp-block-embed__wrapper">
https://youtu.be/z5yZgzqv2XM
</div></figure>
<!-- /wp:embed -->

<!-- wp:paragraph {"style":{"color":{"text":"#4c20c4"}}} -->
<p class="has-text-color" style="color:#4c20c4;">Y listo, tenemos terminada nuestra composición, es sencilla, pero te ayudará a comprender el uso de algunas herramientas.</p>
<!-- /wp:paragraph -->

<!-- wp:paragraph {"style":{"color":{"text":"#4c20c4"}}} -->
<p class="has-text-color" style="color:#4c20c4;">Ahora que te he mostrado cómo hacer este ejercicio, te toca a ti, realiza el fotomontaje con la herramienta de recorte que más te resulte sencilla y crea la composición.</p>
<!-- /wp:paragraph -->

<!-- wp:paragraph {"style":{"color":{"text":"#4c20c4"}},"fontSize":"medium"} -->
<p class="has-text-color has-medium-font-size" style="color:#4c20c4;"><strong>Comparte el resultado de la práctica en los comentarios.</strong></p>
<!-- /wp:paragraph -->]]></content:encoded>
  <excerpt:encoded><![CDATA[]]></excerpt:encoded>
  <wp:post_id>5</wp:post_id>
  <wp:post_date>2022-04-04 12:54:35</wp:post_date>
  <wp:post_date_gmt>2022-04-04 17:54:35</wp:post_date_gmt>
  <wp:post_modified>2022-04-04 12:54:35</wp:post_modified>
  <wp:post_modified_gmt>2022-04-04 17:54:35</wp:post_modified_gmt>
  <wp:comment_status>open</wp:comment_status>
  <wp:ping_status>open</wp:ping_status>
  <wp:post_name>recorte-perfecto-y-la-creacion-de-fotomontaje-en-photoshop</wp:post_name>
  <wp:status>publish</wp:status>
  <wp:post_parent>0</wp:post_parent>
  <wp:menu_order>0</wp:menu_order>
  <wp:post_type>post</wp:post_type>
  <wp:post_password/>
  <wp:is_sticky>1</wp:is_sticky>
  <category domain="category" nicename="sin-categoria"><![CDATA[Sin categoría]]></category>
  <wp:postmeta>
    <wp:meta_key>_last_editor_used_jetpack</wp:meta_key>
    <wp:meta_value><![CDATA[block-editor]]></wp:meta_value>
  </wp:postmeta>
  <wp:postmeta>
    <wp:meta_key>_publicize_job_id</wp:meta_key>
    <wp:meta_value><![CDATA[70994705075]]></wp:meta_value>
  </wp:postmeta>
  <wp:postmeta>
    <wp:meta_key>timeline_notification</wp:meta_key>
    <wp:meta_value><![CDATA[1649094876]]></wp:meta_value>
  </wp:postmeta>
</item>
<item>
  <title><![CDATA[Custom Styles]]></title>
  <link>https://espaciocreativosann614427107.wordpress.com/2022/04/04/wp-global-styles-pub%2fzoologist/</link>
  <pubDate>Mon, 04 Apr 2022 16:42:26 +0000</pubDate>
  <dc:creator>portafoliosandy</dc:creator>
  <guid isPermaLink="false">https://espaciocreativosann614427107.wordpress.com/2022/04/04/wp-global-styles-pub%2fzoologist/</guid>
  <description/>
  <content:encoded><![CDATA[{"version":2,"isGlobalStylesUserThemeJSON":true}]]></content:encoded>
  <excerpt:encoded><![CDATA[]]></excerpt:encoded>
  <wp:post_id>6</wp:post_id>
  <wp:post_date>2022-04-04 11:42:26</wp:post_date>
  <wp:post_date_gmt>2022-04-04 16:42:26</wp:post_date_gmt>
  <wp:post_modified>2022-04-04 11:42:26</wp:post_modified>
  <wp:post_modified_gmt>2022-04-04 16:42:26</wp:post_modified_gmt>
  <wp:comment_status>closed</wp:comment_status>
  <wp:ping_status>closed</wp:ping_status>
  <wp:post_name>wp-global-styles-pub%2fzoologist</wp:post_name>
  <wp:status>publish</wp:status>
  <wp:post_parent>0</wp:post_parent>
  <wp:menu_order>0</wp:menu_order>
  <wp:post_type>wp_global_styles</wp:post_type>
  <wp:post_password/>
  <wp:is_sticky>0</wp:is_sticky>
  <category domain="wp_theme" nicename="pub-zoologist"><![CDATA[pub/zoologist]]></category>
  <wp:postmeta>
    <wp:meta_key>_publicize_pending</wp:meta_key>
    <wp:meta_value><![CDATA[1]]></wp:meta_value>
  </wp:postmeta>
</item>
<item>
  <title><![CDATA[basicos-photoshop_regiones-exteriores-734x551-1]]></title>
  <link>https://espaciocreativosann614427107.wordpress.com/basicos-photoshop_regiones-exteriores-734x551-1/</link>
  <pubDate>Mon, 04 Apr 2022 16:51:47 +0000</pubDate>
  <dc:creator>portafoliosandy</dc:creator>
  <guid isPermaLink="false">http://espaciocreativosann614427107.files.wordpress.com/2022/04/basicos-photoshop_regiones-exteriores-734x551-1.jpg</guid>
  <description/>
  <content:encoded><![CDATA[]]></content:encoded>
  <excerpt:encoded><![CDATA[]]></excerpt:encoded>
  <wp:post_id>11</wp:post_id>
  <wp:post_date>2022-04-04 11:51:47</wp:post_date>
  <wp:post_date_gmt>2022-04-04 16:51:47</wp:post_date_gmt>
  <wp:post_modified>2022-04-04 11:51:47</wp:post_modified>
  <wp:post_modified_gmt>2022-04-04 16:51:47</wp:post_modified_gmt>
  <wp:comment_status>open</wp:comment_status>
  <wp:ping_status>closed</wp:ping_status>
  <wp:post_name>basicos-photoshop_regiones-exteriores-734x551-1</wp:post_name>
  <wp:status>inherit</wp:status>
  <wp:post_parent>0</wp:post_parent>
  <wp:menu_order>0</wp:menu_order>
  <wp:post_type>attachment</wp:post_type>
  <wp:post_password/>
  <wp:is_sticky>0</wp:is_sticky>
  <wp:attachment_url>https://espaciocreativosann614427107.files.wordpress.com/2022/04/basicos-photoshop_regiones-exteriores-734x551-1.jpg</wp:attachment_url>
  <wp:postmeta>
    <wp:meta_key>_wp_attached_file</wp:meta_key>
    <wp:meta_value><![CDATA[/home/wpcom/public_html/wp-content/blogs.dir/960/204980428/files/2022/04/basicos-photoshop_regiones-exteriores-734x551-1.jpg]]></wp:meta_value>
  </wp:postmeta>
  <wp:postmeta>
    <wp:meta_key>_wp_attachment_metadata</wp:meta_key>
    <wp:meta_value><![CDATA[a:6:{s:5:"width";i:734;s:6:"height";i:551;s:4:"file";s:124:"/home/wpcom/public_html/wp-content/blogs.dir/960/204980428/files/2022/04/basicos-photoshop_regiones-exteriores-734x551-1.jpg";s:5:"sizes";a:0:{}s:10:"image_meta";a:12:{s:8:"aperture";s:1:"0";s:6:"credit";s:0:"";s:6:"camera";s:0:"";s:7:"caption";s:0:"";s:17:"created_timestamp";s:1:"0";s:9:"copyright";s:0:"";s:12:"focal_length";s:1:"0";s:3:"iso";s:1:"0";s:13:"shutter_speed";s:1:"0";s:5:"title";s:0:"";s:11:"orientation";s:1:"0";s:8:"keywords";a:0:{}}s:8:"filesize";i:59905;}]]></wp:meta_value>
  </wp:postmeta>
</item>
<item>
  <title><![CDATA[interface]]></title>
  <link>https://espaciocreativosann614427107.wordpress.com/interface/</link>
  <pubDate>Mon, 04 Apr 2022 16:53:46 +0000</pubDate>
  <dc:creator>portafoliosandy</dc:creator>
  <guid isPermaLink="false">http://espaciocreativosann614427107.files.wordpress.com/2022/04/interface.png</guid>
  <description/>
  <content:encoded><![CDATA[]]></content:encoded>
  <excerpt:encoded><![CDATA[]]></excerpt:encoded>
  <wp:post_id>13</wp:post_id>
  <wp:post_date>2022-04-04 11:53:46</wp:post_date>
  <wp:post_date_gmt>2022-04-04 16:53:46</wp:post_date_gmt>
  <wp:post_modified>2022-04-04 11:53:46</wp:post_modified>
  <wp:post_modified_gmt>2022-04-04 16:53:46</wp:post_modified_gmt>
  <wp:comment_status>open</wp:comment_status>
  <wp:ping_status>closed</wp:ping_status>
  <wp:post_name>interface</wp:post_name>
  <wp:status>inherit</wp:status>
  <wp:post_parent>0</wp:post_parent>
  <wp:menu_order>0</wp:menu_order>
  <wp:post_type>attachment</wp:post_type>
  <wp:post_password/>
  <wp:is_sticky>0</wp:is_sticky>
  <wp:attachment_url>https://espaciocreativosann614427107.files.wordpress.com/2022/04/interface.png</wp:attachment_url>
  <wp:postmeta>
    <wp:meta_key>_wp_attached_file</wp:meta_key>
    <wp:meta_value><![CDATA[/home/wpcom/public_html/wp-content/blogs.dir/960/204980428/files/2022/04/interface.png]]></wp:meta_value>
  </wp:postmeta>
  <wp:postmeta>
    <wp:meta_key>_wp_attachment_metadata</wp:meta_key>
    <wp:meta_value><![CDATA[a:6:{s:5:"width";i:1146;s:6:"height";i:874;s:4:"file";s:86:"/home/wpcom/public_html/wp-content/blogs.dir/960/204980428/files/2022/04/interface.png";s:5:"sizes";a:0:{}s:10:"image_meta";a:12:{s:8:"aperture";s:1:"0";s:6:"credit";s:0:"";s:6:"camera";s:0:"";s:7:"caption";s:0:"";s:17:"created_timestamp";s:1:"0";s:9:"copyright";s:0:"";s:12:"focal_length";s:1:"0";s:3:"iso";s:1:"0";s:13:"shutter_speed";s:1:"0";s:5:"title";s:0:"";s:11:"orientation";s:1:"0";s:8:"keywords";a:0:{}}s:8:"filesize";i:145259;}]]></wp:meta_value>
  </wp:postmeta>
</item>
<item>
  <title><![CDATA[image]]></title>
  <link>https://espaciocreativosann614427107.wordpress.com/image/</link>
  <pubDate>Mon, 04 Apr 2022 16:56:27 +0000</pubDate>
  <dc:creator>portafoliosandy</dc:creator>
  <guid isPermaLink="false">http://espaciocreativosann614427107.files.wordpress.com/2022/04/image.png</guid>
  <description/>
  <content:encoded><![CDATA[]]></content:encoded>
  <excerpt:encoded><![CDATA[]]></excerpt:encoded>
  <wp:post_id>15</wp:post_id>
  <wp:post_date>2022-04-04 11:56:27</wp:post_date>
  <wp:post_date_gmt>2022-04-04 16:56:27</wp:post_date_gmt>
  <wp:post_modified>2022-04-04 11:56:27</wp:post_modified>
  <wp:post_modified_gmt>2022-04-04 16:56:27</wp:post_modified_gmt>
  <wp:comment_status>open</wp:comment_status>
  <wp:ping_status>closed</wp:ping_status>
  <wp:post_name>image</wp:post_name>
  <wp:status>inherit</wp:status>
  <wp:post_parent>0</wp:post_parent>
  <wp:menu_order>0</wp:menu_order>
  <wp:post_type>attachment</wp:post_type>
  <wp:post_password/>
  <wp:is_sticky>0</wp:is_sticky>
  <wp:attachment_url>https://espaciocreativosann614427107.files.wordpress.com/2022/04/image.png</wp:attachment_url>
  <wp:postmeta>
    <wp:meta_key>_wp_attached_file</wp:meta_key>
    <wp:meta_value><![CDATA[/home/wpcom/public_html/wp-content/blogs.dir/960/204980428/files/2022/04/image.png]]></wp:meta_value>
  </wp:postmeta>
  <wp:postmeta>
    <wp:meta_key>_wp_attachment_metadata</wp:meta_key>
    <wp:meta_value><![CDATA[a:6:{s:5:"width";i:1030;s:6:"height";i:807;s:4:"file";s:82:"/home/wpcom/public_html/wp-content/blogs.dir/960/204980428/files/2022/04/image.png";s:5:"sizes";a:0:{}s:10:"image_meta";a:12:{s:8:"aperture";s:1:"0";s:6:"credit";s:0:"";s:6:"camera";s:0:"";s:7:"caption";s:0:"";s:17:"created_timestamp";s:1:"0";s:9:"copyright";s:0:"";s:12:"focal_length";s:1:"0";s:3:"iso";s:1:"0";s:13:"shutter_speed";s:1:"0";s:5:"title";s:0:"";s:11:"orientation";s:1:"0";s:8:"keywords";a:0:{}}s:8:"filesize";i:133033;}]]></wp:meta_value>
  </wp:postmeta>
</item>
<item>
  <title><![CDATA[fondo-blanco]]></title>
  <link>https://espaciocreativosann614427107.wordpress.com/fondo-blanco/</link>
  <pubDate>Mon, 04 Apr 2022 16:57:19 +0000</pubDate>
  <dc:creator>portafoliosandy</dc:creator>
  <guid isPermaLink="false">http://espaciocreativosann614427107.files.wordpress.com/2022/04/fondo-blanco.gif</guid>
  <description/>
  <content:encoded><![CDATA[]]></content:encoded>
  <excerpt:encoded><![CDATA[]]></excerpt:encoded>
  <wp:post_id>16</wp:post_id>
  <wp:post_date>2022-04-04 11:57:19</wp:post_date>
  <wp:post_date_gmt>2022-04-04 16:57:19</wp:post_date_gmt>
  <wp:post_modified>2022-04-04 11:57:19</wp:post_modified>
  <wp:post_modified_gmt>2022-04-04 16:57:19</wp:post_modified_gmt>
  <wp:comment_status>open</wp:comment_status>
  <wp:ping_status>closed</wp:ping_status>
  <wp:post_name>fondo-blanco</wp:post_name>
  <wp:status>inherit</wp:status>
  <wp:post_parent>0</wp:post_parent>
  <wp:menu_order>0</wp:menu_order>
  <wp:post_type>attachment</wp:post_type>
  <wp:post_password/>
  <wp:is_sticky>0</wp:is_sticky>
  <wp:attachment_url>https://espaciocreativosann614427107.files.wordpress.com/2022/04/fondo-blanco.gif</wp:attachment_url>
  <wp:postmeta>
    <wp:meta_key>_wp_attached_file</wp:meta_key>
    <wp:meta_value><![CDATA[/home/wpcom/public_html/wp-content/blogs.dir/960/204980428/files/2022/04/fondo-blanco.gif]]></wp:meta_value>
  </wp:postmeta>
  <wp:postmeta>
    <wp:meta_key>_wp_attachment_metadata</wp:meta_key>
    <wp:meta_value><![CDATA[a:6:{s:5:"width";i:1920;s:6:"height";i:1080;s:4:"file";s:89:"/home/wpcom/public_html/wp-content/blogs.dir/960/204980428/files/2022/04/fondo-blanco.gif";s:5:"sizes";a:0:{}s:10:"image_meta";a:12:{s:8:"aperture";s:1:"0";s:6:"credit";s:0:"";s:6:"camera";s:0:"";s:7:"caption";s:0:"";s:17:"created_timestamp";s:1:"0";s:9:"copyright";s:0:"";s:12:"focal_length";s:1:"0";s:3:"iso";s:1:"0";s:13:"shutter_speed";s:1:"0";s:5:"title";s:0:"";s:11:"orientation";s:1:"0";s:8:"keywords";a:0:{}}s:8:"filesize";i:58998076;}]]></wp:meta_value>
  </wp:postmeta>
</item>
<item>
  <title><![CDATA[1]]></title>
  <link>https://espaciocreativosann614427107.wordpress.com/1/</link>
  <pubDate>Mon, 04 Apr 2022 16:58:54 +0000</pubDate>
  <dc:creator>portafoliosandy</dc:creator>
  <guid isPermaLink="false">http://espaciocreativosann614427107.files.wordpress.com/2022/04/1.jpg</guid>
  <description/>
  <content:encoded><![CDATA[]]></content:encoded>
  <excerpt:encoded><![CDATA[]]></excerpt:encoded>
  <wp:post_id>18</wp:post_id>
  <wp:post_date>2022-04-04 11:58:54</wp:post_date>
  <wp:post_date_gmt>2022-04-04 16:58:54</wp:post_date_gmt>
  <wp:post_modified>2022-04-04 11:58:54</wp:post_modified>
  <wp:post_modified_gmt>2022-04-04 16:58:54</wp:post_modified_gmt>
  <wp:comment_status>open</wp:comment_status>
  <wp:ping_status>closed</wp:ping_status>
  <wp:post_name>1</wp:post_name>
  <wp:status>inherit</wp:status>
  <wp:post_parent>0</wp:post_parent>
  <wp:menu_order>0</wp:menu_order>
  <wp:post_type>attachment</wp:post_type>
  <wp:post_password/>
  <wp:is_sticky>0</wp:is_sticky>
  <wp:attachment_url>https://espaciocreativosann614427107.files.wordpress.com/2022/04/1.jpg</wp:attachment_url>
  <wp:postmeta>
    <wp:meta_key>_wp_attached_file</wp:meta_key>
    <wp:meta_value><![CDATA[/home/wpcom/public_html/wp-content/blogs.dir/960/204980428/files/2022/04/1.jpg]]></wp:meta_value>
  </wp:postmeta>
  <wp:postmeta>
    <wp:meta_key>_wp_attachment_metadata</wp:meta_key>
    <wp:meta_value><![CDATA[a:6:{s:5:"width";i:1769;s:6:"height";i:900;s:4:"file";s:78:"/home/wpcom/public_html/wp-content/blogs.dir/960/204980428/files/2022/04/1.jpg";s:5:"sizes";a:0:{}s:10:"image_meta";a:12:{s:8:"aperture";s:1:"0";s:6:"credit";s:4:"boni";s:6:"camera";s:0:"";s:7:"caption";s:0:"";s:17:"created_timestamp";s:10:"1648946562";s:9:"copyright";s:0:"";s:12:"focal_length";s:1:"0";s:3:"iso";s:1:"0";s:13:"shutter_speed";s:1:"0";s:5:"title";s:0:"";s:11:"orientation";s:1:"0";s:8:"keywords";a:0:{}}s:8:"filesize";i:166478;}]]></wp:meta_value>
  </wp:postmeta>
</item>
<item>
  <title><![CDATA[captur2a]]></title>
  <link>https://espaciocreativosann614427107.wordpress.com/captur2a/</link>
  <pubDate>Mon, 04 Apr 2022 16:59:50 +0000</pubDate>
  <dc:creator>portafoliosandy</dc:creator>
  <guid isPermaLink="false">http://espaciocreativosann614427107.files.wordpress.com/2022/04/captur2a.jpg</guid>
  <description/>
  <content:encoded><![CDATA[]]></content:encoded>
  <excerpt:encoded><![CDATA[]]></excerpt:encoded>
  <wp:post_id>19</wp:post_id>
  <wp:post_date>2022-04-04 11:59:50</wp:post_date>
  <wp:post_date_gmt>2022-04-04 16:59:50</wp:post_date_gmt>
  <wp:post_modified>2022-04-04 11:59:50</wp:post_modified>
  <wp:post_modified_gmt>2022-04-04 16:59:50</wp:post_modified_gmt>
  <wp:comment_status>open</wp:comment_status>
  <wp:ping_status>closed</wp:ping_status>
  <wp:post_name>captur2a</wp:post_name>
  <wp:status>inherit</wp:status>
  <wp:post_parent>0</wp:post_parent>
  <wp:menu_order>0</wp:menu_order>
  <wp:post_type>attachment</wp:post_type>
  <wp:post_password/>
  <wp:is_sticky>0</wp:is_sticky>
  <wp:attachment_url>https://espaciocreativosann614427107.files.wordpress.com/2022/04/captur2a.jpg</wp:attachment_url>
  <wp:postmeta>
    <wp:meta_key>_wp_attached_file</wp:meta_key>
    <wp:meta_value><![CDATA[/home/wpcom/public_html/wp-content/blogs.dir/960/204980428/files/2022/04/captur2a.jpg]]></wp:meta_value>
  </wp:postmeta>
  <wp:postmeta>
    <wp:meta_key>_wp_attachment_metadata</wp:meta_key>
    <wp:meta_value><![CDATA[a:6:{s:5:"width";i:1797;s:6:"height";i:903;s:4:"file";s:85:"/home/wpcom/public_html/wp-content/blogs.dir/960/204980428/files/2022/04/captur2a.jpg";s:5:"sizes";a:0:{}s:10:"image_meta";a:12:{s:8:"aperture";s:1:"0";s:6:"credit";s:4:"boni";s:6:"camera";s:0:"";s:7:"caption";s:0:"";s:17:"created_timestamp";s:10:"1648946638";s:9:"copyright";s:0:"";s:12:"focal_length";s:1:"0";s:3:"iso";s:1:"0";s:13:"shutter_speed";s:1:"0";s:5:"title";s:0:"";s:11:"orientation";s:1:"0";s:8:"keywords";a:0:{}}s:8:"filesize";i:156745;}]]></wp:meta_value>
  </wp:postmeta>
</item>
<item>
  <title><![CDATA[3]]></title>
  <link>https://espaciocreativosann614427107.wordpress.com/3/</link>
  <pubDate>Mon, 04 Apr 2022 17:00:24 +0000</pubDate>
  <dc:creator>portafoliosandy</dc:creator>
  <guid isPermaLink="false">http://espaciocreativosann614427107.files.wordpress.com/2022/04/3.jpg</guid>
  <description/>
  <content:encoded><![CDATA[]]></content:encoded>
  <excerpt:encoded><![CDATA[]]></excerpt:encoded>
  <wp:post_id>20</wp:post_id>
  <wp:post_date>2022-04-04 12:00:24</wp:post_date>
  <wp:post_date_gmt>2022-04-04 17:00:24</wp:post_date_gmt>
  <wp:post_modified>2022-04-04 12:00:24</wp:post_modified>
  <wp:post_modified_gmt>2022-04-04 17:00:24</wp:post_modified_gmt>
  <wp:comment_status>open</wp:comment_status>
  <wp:ping_status>closed</wp:ping_status>
  <wp:post_name>3</wp:post_name>
  <wp:status>inherit</wp:status>
  <wp:post_parent>0</wp:post_parent>
  <wp:menu_order>0</wp:menu_order>
  <wp:post_type>attachment</wp:post_type>
  <wp:post_password/>
  <wp:is_sticky>0</wp:is_sticky>
  <wp:attachment_url>https://espaciocreativosann614427107.files.wordpress.com/2022/04/3.jpg</wp:attachment_url>
  <wp:postmeta>
    <wp:meta_key>_wp_attached_file</wp:meta_key>
    <wp:meta_value><![CDATA[/home/wpcom/public_html/wp-content/blogs.dir/960/204980428/files/2022/04/3.jpg]]></wp:meta_value>
  </wp:postmeta>
  <wp:postmeta>
    <wp:meta_key>_wp_attachment_metadata</wp:meta_key>
    <wp:meta_value><![CDATA[a:6:{s:5:"width";i:1040;s:6:"height";i:871;s:4:"file";s:78:"/home/wpcom/public_html/wp-content/blogs.dir/960/204980428/files/2022/04/3.jpg";s:5:"sizes";a:0:{}s:10:"image_meta";a:12:{s:8:"aperture";s:1:"0";s:6:"credit";s:4:"boni";s:6:"camera";s:0:"";s:7:"caption";s:0:"";s:17:"created_timestamp";s:10:"1648946726";s:9:"copyright";s:0:"";s:12:"focal_length";s:1:"0";s:3:"iso";s:1:"0";s:13:"shutter_speed";s:1:"0";s:5:"title";s:0:"";s:11:"orientation";s:1:"0";s:8:"keywords";a:0:{}}s:8:"filesize";i:78249;}]]></wp:meta_value>
  </wp:postmeta>
</item>
<item>
  <title><![CDATA[4]]></title>
  <link>https://espaciocreativosann614427107.wordpress.com/4-2/</link>
  <pubDate>Mon, 04 Apr 2022 17:00:43 +0000</pubDate>
  <dc:creator>portafoliosandy</dc:creator>
  <guid isPermaLink="false">http://espaciocreativosann614427107.files.wordpress.com/2022/04/4.jpg</guid>
  <description/>
  <content:encoded><![CDATA[]]></content:encoded>
  <excerpt:encoded><![CDATA[]]></excerpt:encoded>
  <wp:post_id>22</wp:post_id>
  <wp:post_date>2022-04-04 12:00:43</wp:post_date>
  <wp:post_date_gmt>2022-04-04 17:00:43</wp:post_date_gmt>
  <wp:post_modified>2022-04-04 12:00:43</wp:post_modified>
  <wp:post_modified_gmt>2022-04-04 17:00:43</wp:post_modified_gmt>
  <wp:comment_status>open</wp:comment_status>
  <wp:ping_status>closed</wp:ping_status>
  <wp:post_name>4-2</wp:post_name>
  <wp:status>inherit</wp:status>
  <wp:post_parent>0</wp:post_parent>
  <wp:menu_order>0</wp:menu_order>
  <wp:post_type>attachment</wp:post_type>
  <wp:post_password/>
  <wp:is_sticky>0</wp:is_sticky>
  <wp:attachment_url>https://espaciocreativosann614427107.files.wordpress.com/2022/04/4.jpg</wp:attachment_url>
  <wp:postmeta>
    <wp:meta_key>_wp_attached_file</wp:meta_key>
    <wp:meta_value><![CDATA[/home/wpcom/public_html/wp-content/blogs.dir/960/204980428/files/2022/04/4.jpg]]></wp:meta_value>
  </wp:postmeta>
  <wp:postmeta>
    <wp:meta_key>_wp_attachment_metadata</wp:meta_key>
    <wp:meta_value><![CDATA[a:6:{s:5:"width";i:713;s:6:"height";i:626;s:4:"file";s:78:"/home/wpcom/public_html/wp-content/blogs.dir/960/204980428/files/2022/04/4.jpg";s:5:"sizes";a:0:{}s:10:"image_meta";a:12:{s:8:"aperture";s:1:"0";s:6:"credit";s:4:"boni";s:6:"camera";s:0:"";s:7:"caption";s:0:"";s:17:"created_timestamp";s:10:"1648946768";s:9:"copyright";s:0:"";s:12:"focal_length";s:1:"0";s:3:"iso";s:1:"0";s:13:"shutter_speed";s:1:"0";s:5:"title";s:0:"";s:11:"orientation";s:1:"0";s:8:"keywords";a:0:{}}s:8:"filesize";i:117322;}]]></wp:meta_value>
  </wp:postmeta>
</item>
<item>
  <title><![CDATA[fondo-blanco-1]]></title>
  <link>https://espaciocreativosann614427107.wordpress.com/fondo-blanco-1/</link>
  <pubDate>Mon, 04 Apr 2022 17:01:27 +0000</pubDate>
  <dc:creator>portafoliosandy</dc:creator>
  <guid isPermaLink="false">http://espaciocreativosann614427107.files.wordpress.com/2022/04/fondo-blanco-1.gif</guid>
  <description/>
  <content:encoded><![CDATA[]]></content:encoded>
  <excerpt:encoded><![CDATA[]]></excerpt:encoded>
  <wp:post_id>23</wp:post_id>
  <wp:post_date>2022-04-04 12:01:27</wp:post_date>
  <wp:post_date_gmt>2022-04-04 17:01:27</wp:post_date_gmt>
  <wp:post_modified>2022-04-04 12:01:27</wp:post_modified>
  <wp:post_modified_gmt>2022-04-04 17:01:27</wp:post_modified_gmt>
  <wp:comment_status>open</wp:comment_status>
  <wp:ping_status>closed</wp:ping_status>
  <wp:post_name>fondo-blanco-1</wp:post_name>
  <wp:status>inherit</wp:status>
  <wp:post_parent>0</wp:post_parent>
  <wp:menu_order>0</wp:menu_order>
  <wp:post_type>attachment</wp:post_type>
  <wp:post_password/>
  <wp:is_sticky>0</wp:is_sticky>
  <wp:attachment_url>https://espaciocreativosann614427107.files.wordpress.com/2022/04/fondo-blanco-1.gif</wp:attachment_url>
  <wp:postmeta>
    <wp:meta_key>_wp_attached_file</wp:meta_key>
    <wp:meta_value><![CDATA[/home/wpcom/public_html/wp-content/blogs.dir/960/204980428/files/2022/04/fondo-blanco-1.gif]]></wp:meta_value>
  </wp:postmeta>
  <wp:postmeta>
    <wp:meta_key>_wp_attachment_metadata</wp:meta_key>
    <wp:meta_value><![CDATA[a:6:{s:5:"width";i:1920;s:6:"height";i:1080;s:4:"file";s:91:"/home/wpcom/public_html/wp-content/blogs.dir/960/204980428/files/2022/04/fondo-blanco-1.gif";s:5:"sizes";a:0:{}s:10:"image_meta";a:12:{s:8:"aperture";s:1:"0";s:6:"credit";s:0:"";s:6:"camera";s:0:"";s:7:"caption";s:0:"";s:17:"created_timestamp";s:1:"0";s:9:"copyright";s:0:"";s:12:"focal_length";s:1:"0";s:3:"iso";s:1:"0";s:13:"shutter_speed";s:1:"0";s:5:"title";s:0:"";s:11:"orientation";s:1:"0";s:8:"keywords";a:0:{}}s:8:"filesize";i:58998076;}]]></wp:meta_value>
  </wp:postmeta>
</item>
<item>
  <title><![CDATA[super-woman-1885016_1920]]></title>
  <link>https://espaciocreativosann614427107.wordpress.com/super-woman-1885016_1920/</link>
  <pubDate>Mon, 04 Apr 2022 17:09:00 +0000</pubDate>
  <dc:creator>portafoliosandy</dc:creator>
  <guid isPermaLink="false">http://espaciocreativosann614427107.files.wordpress.com/2022/04/super-woman-1885016_1920.jpg</guid>
  <description/>
  <content:encoded><![CDATA[]]></content:encoded>
  <excerpt:encoded><![CDATA[]]></excerpt:encoded>
  <wp:post_id>25</wp:post_id>
  <wp:post_date>2022-04-04 12:09:00</wp:post_date>
  <wp:post_date_gmt>2022-04-04 17:09:00</wp:post_date_gmt>
  <wp:post_modified>2022-04-04 12:09:00</wp:post_modified>
  <wp:post_modified_gmt>2022-04-04 17:09:00</wp:post_modified_gmt>
  <wp:comment_status>open</wp:comment_status>
  <wp:ping_status>closed</wp:ping_status>
  <wp:post_name>super-woman-1885016_1920</wp:post_name>
  <wp:status>inherit</wp:status>
  <wp:post_parent>0</wp:post_parent>
  <wp:menu_order>0</wp:menu_order>
  <wp:post_type>attachment</wp:post_type>
  <wp:post_password/>
  <wp:is_sticky>0</wp:is_sticky>
  <wp:attachment_url>https://espaciocreativosann614427107.files.wordpress.com/2022/04/super-woman-1885016_1920.jpg</wp:attachment_url>
  <wp:postmeta>
    <wp:meta_key>_wp_attached_file</wp:meta_key>
    <wp:meta_value><![CDATA[/home/wpcom/public_html/wp-content/blogs.dir/960/204980428/files/2022/04/super-woman-1885016_1920.jpg]]></wp:meta_value>
  </wp:postmeta>
  <wp:postmeta>
    <wp:meta_key>_wp_attachment_metadata</wp:meta_key>
    <wp:meta_value><![CDATA[a:6:{s:5:"width";i:1920;s:6:"height";i:1080;s:4:"file";s:101:"/home/wpcom/public_html/wp-content/blogs.dir/960/204980428/files/2022/04/super-woman-1885016_1920.jpg";s:5:"sizes";a:0:{}s:10:"image_meta";a:12:{s:8:"aperture";s:1:"0";s:6:"credit";s:0:"";s:6:"camera";s:0:"";s:7:"caption";s:0:"";s:17:"created_timestamp";s:1:"0";s:9:"copyright";s:0:"";s:12:"focal_length";s:1:"0";s:3:"iso";s:1:"0";s:13:"shutter_speed";s:1:"0";s:5:"title";s:0:"";s:11:"orientation";s:1:"1";s:8:"keywords";a:0:{}}s:8:"filesize";i:244441;}]]></wp:meta_value>
  </wp:postmeta>
</item>
  </channel>
</rss>
